sample_id,cancer_type,mutation_burden
TCGA-05-4249-01A-01D-1105-08,LUAD,340
TCGA-17-Z005-01A-01W-0746-08,LUAD,95
TCGA-17-Z010-01A-01W-0746-08,LUAD,308
TCGA-17-Z016-01A-01W-0746-08,LUAD,327
TCGA-17-Z019-01A-01W-0746-08,LUAD,2
TCGA-3L-AA1B-01A-11D-A36X-10,COAD,145
TCGA-44-3918-01A-01D-1105-08,LUAD,961
TCGA-44-3918-01A-01D-A271-08,LUAD,993
TCGA-44-4112-01A-01D-A271-08,LUAD,458
TCGA-44-7669-01A-21D-2063-08,LUAD,495
TCGA-44-A47B-01A-11D-A24D-08,LUAD,49
TCGA-49-4486-01A-01D-1265-08,LUAD,151
TCGA-49-4507-01A-01D-1265-08,LUAD,211
TCGA-49-6767-01A-11D-1855-08,LUAD,519
TCGA-49-AAQV-01A-11D-A397-08,LUAD,64
TCGA-50-5045-01A-01D-1625-08,LUAD,296
TCGA-50-5049-01A-01D-1625-08,LUAD,819
TCGA-50-5933-01A-11D-1753-08,LUAD,532
TCGA-55-6970-01A-11D-1945-08,LUAD,184
TCGA-55-7227-01A-11D-2036-08,LUAD,176
TCGA-55-7995-01A-11D-2184-08,LUAD,719
TCGA-55-8205-01A-11D-2238-08,LUAD,578
TCGA-55-8301-01A-11D-2284-08,LUAD,307
TCGA-55-8302-01A-11D-2323-08,LUAD,735
TCGA-69-7761-01A-11D-2167-08,LUAD,34
TCGA-69-7980-01A-11D-2184-08,LUAD,876
TCGA-73-4666-01A-01D-1265-08,LUAD,406
TCGA-73-7499-01A-11D-2184-08,LUAD,66
TCGA-75-7031-01A-11D-1945-08,LUAD,224
TCGA-78-7156-01A-11D-2036-08,LUAD,323
TCGA-78-7158-01A-11D-2036-08,LUAD,258
TCGA-78-7159-01A-11D-2036-08,LUAD,329
TCGA-78-7537-01A-11D-2063-08,LUAD,147
TCGA-78-8660-01A-11D-2393-08,LUAD,267
TCGA-86-7714-01A-12D-2167-08,LUAD,90
TCGA-86-7953-01A-11D-2184-08,LUAD,54
TCGA-86-8669-01A-11D-2393-08,LUAD,153
TCGA-86-A4D0-01A-11D-A24D-08,LUAD,287
TCGA-91-6849-01A-11D-1945-08,LUAD,124
TCGA-91-8496-01A-11D-2393-08,LUAD,31
TCGA-91-8497-01A-11D-2393-08,LUAD,43
TCGA-91-8499-01A-11D-2393-08,LUAD,347
TCGA-95-8039-01A-11D-2238-08,LUAD,103
TCGA-97-8547-01A-11D-2393-08,LUAD,58
TCGA-97-A4M5-01A-11D-A24P-08,LUAD,162
TCGA-99-8032-01A-11D-2238-08,LUAD,420
TCGA-A1-A0SG-01A-11D-A142-09,BRCA,29
TCGA-A1-A0SP-01A-11D-A099-09,BRCA,52
TCGA-A2-A0CL-01A-11D-A10Y-09,BRCA,147
TCGA-A2-A0ET-01A-31D-A045-09,BRCA,49
TCGA-A6-3810-01B-04D-A270-10,COAD,133
TCGA-A6-5665-01B-03D-2298-08,COAD,2162
TCGA-A6-6137-01A-11D-1771-10,COAD,124
TCGA-A6-6648-01A-11D-1771-10,COAD,98
TCGA-A6-6782-01A-11D-1835-10,COAD,152
TCGA-A7-A0CD-01A-11W-A019-09,BRCA,26
TCGA-A7-A26F-01B-04D-A22N-09,BRCA,38
TCGA-A7-A6VV-01A-22D-A33E-09,BRCA,50
TCGA-A8-A06T-01A-11W-A019-09,BRCA,31
TCGA-A8-A083-01A-21W-A019-09,BRCA,32
TCGA-A8-A08J-01A-11W-A019-09,BRCA,34
TCGA-A8-A08S-01A-11W-A050-09,BRCA,51
TCGA-A8-A09B-01A-11W-A019-09,BRCA,44
TCGA-AA-3506-01A-01D-2188-10,COAD,175
TCGA-AA-3510-01A-01D-1408-10,COAD,3458
TCGA-AA-3522-01A-01W-0831-10,COAD,25
TCGA-AA-3524-01A-02D-1953-10,COAD,14
TCGA-AA-3526-01A-02D-1953-10,COAD,29
TCGA-AA-3560-01A-01D-1953-10,COAD,18
TCGA-AA-3672-01A-01W-0900-09,COAD,2114
TCGA-AA-3673-01A-01W-0900-09,COAD,80
TCGA-AA-3695-01A-01W-0900-09,COAD,168
TCGA-AA-3713-01A-21D-1719-10,COAD,1223
TCGA-AA-3811-01A-01D-1981-10,COAD,1742
TCGA-AA-3819-01A-01W-0900-09,COAD,198
TCGA-AA-3850-01A-01W-0995-10,COAD,127
TCGA-AA-3854-01A-01W-0900-09,COAD,150
TCGA-AA-3975-01A-01W-0995-10,COAD,148
TCGA-AA-3979-01A-01W-0995-10,COAD,158
TCGA-AA-A01C-01A-01W-A00E-09,COAD,83
TCGA-AA-A01D-01A-01W-A00E-09,COAD,148
TCGA-AA-A022-01A-21W-A096-10,COAD,1565
TCGA-AA-A029-01A-01W-A00E-09,COAD,94
TCGA-AD-6548-01A-11D-1835-10,COAD,136
TCGA-AN-A04A-01A-21W-A050-09,BRCA,39
TCGA-AN-A0FF-01A-11W-A050-09,BRCA,22
TCGA-AO-A0J5-01A-11W-A050-09,BRCA,56
TCGA-AO-A12H-01A-11D-A10Y-09,BRCA,24
TCGA-AQ-A0Y5-01A-11D-A14K-09,BRCA,57
TCGA-AR-A0U3-01A-11D-A10G-09,BRCA,38
TCGA-AR-A24K-01A-11D-A167-09,BRCA,28
TCGA-AR-A2LR-01A-12D-A18P-09,BRCA,62
TCGA-AZ-4313-01A-01D-1408-10,COAD,1371
TCGA-AZ-4315-01A-01D-1408-10,COAD,7248
TCGA-AZ-4323-01A-21D-1835-10,COAD,45
TCGA-AZ-4616-01A-21D-1835-10,COAD,100
TCGA-AZ-4681-01A-01D-1408-10,COAD,86
TCGA-B6-A0IH-01A-11D-A10Y-09,BRCA,39
TCGA-B6-A0IK-01A-12W-A071-09,BRCA,148
TCGA-B6-A0IM-01A-11W-A050-09,BRCA,32
TCGA-B6-A0RM-01A-11D-A099-09,BRCA,30
TCGA-B6-A0WT-01A-11D-A10G-09,BRCA,21
TCGA-B6-A0WY-01A-11D-A10G-09,BRCA,26
TCGA-B6-A1KI-01A-11D-A14K-09,BRCA,22
TCGA-BH-A0B5-01A-11D-A12Q-09,BRCA,62
TCGA-BH-A0BF-01A-21D-A12Q-09,BRCA,33
TCGA-BH-A0EI-01A-11D-A10Y-09,BRCA,19
TCGA-BH-A0HN-01A-11D-A099-09,BRCA,28
TCGA-BH-A18H-01A-11D-A12B-09,BRCA,48
TCGA-BH-A18T-01A-11D-A12B-09,BRCA,89
TCGA-BH-A1FE-01A-11D-A13L-09,BRCA,19
TCGA-C8-A12Q-01A-11D-A10Y-09,BRCA,113
TCGA-C8-A1HN-01A-11D-A135-09,BRCA,53
TCGA-CA-6716-01A-11D-1835-10,COAD,169
TCGA-CK-4950-01A-01D-1719-10,COAD,195
TCGA-CK-4952-01A-01D-1719-10,COAD,163
TCGA-CM-5341-01A-01D-1408-10,COAD,166
TCGA-CM-5344-01A-21D-1719-10,COAD,68
TCGA-CM-5868-01A-01D-1650-10,COAD,104
TCGA-D5-6534-01A-21D-1924-10,COAD,164
TCGA-D5-6920-01A-11D-1924-10,COAD,122
TCGA-D8-A1XU-01A-11D-A14K-09,BRCA,26
TCGA-D8-A27K-01A-11D-A16D-09,BRCA,21
TCGA-DM-A28A-01A-21D-A16V-10,COAD,148
TCGA-E2-A14P-01A-31D-A12B-09,BRCA,83
TCGA-E2-A14V-01A-11D-A12B-09,BRCA,106
TCGA-E2-A15L-01A-11D-A12B-09,BRCA,31
TCGA-E2-A1IJ-01A-11D-A142-09,BRCA,17
TCGA-E9-A1R4-01A-21D-A14G-09,BRCA,125
TCGA-EW-A1PH-01A-11D-A14K-09,BRCA,46
TCGA-F4-6570-01A-11D-1771-10,COAD,1972
TCGA-F4-6703-01A-11D-1835-10,COAD,478
TCGA-F4-6809-01A-11D-1835-10,COAD,163
TCGA-G4-6294-01A-11D-1806-10,COAD,165
TCGA-G4-6298-01A-11D-1719-10,COAD,80
TCGA-G4-6628-01A-11D-1835-10,COAD,2379
TCGA-GI-A2C8-01A-11D-A16D-09,BRCA,115
TCGA-GM-A2DK-01A-21D-A17W-09,BRCA,25
TCGA-GM-A5PV-01A-11D-A28B-09,BRCA,24
TCGA-L9-A444-01A-21D-A24D-08,LUAD,610
TCGA-LL-A6FP-01A-11D-A31U-09,BRCA,62
TCGA-MP-A4SY-01A-21D-A24P-08,LUAD,157
TCGA-MP-A4TJ-01A-51D-A25L-08,LUAD,103
TCGA-MP-A5C7-01A-11D-A25L-08,LUAD,79
TCGA-NJ-A4YG-01A-22D-A25L-08,LUAD,164
TCGA-QG-A5YX-01A-11D-A28G-10,COAD,110
TCGA-QG-A5Z1-01A-11D-A28G-10,COAD,109
TCGA-SS-A7HO-01A-21D-A36X-10,COAD,180
TCGA-W8-A86G-01A-21D-A36J-09,BRCA,18
